customer_id,customer_name,customer_city,customer_state,signup_date
C00001,Customer 1,Chennai,TN,2024-09-15
C00002,Customer 2,Malappuram,KL,2024-05-30
C00003,Customer 3,Delhi,DL,2025-04-22
C00004,Customer 4,Hyderabad,TS,2023-12-16
C00005,Customer 5,Thrissur,KL,2025-04-02
C00006,Customer 6,Chennai,TN,2026-03-06
C00007,Customer 7,Pune,MH,2025-01-28
C00008,Customer 8,Thiruvananthapuram,KL,2025-06-17
C00009,Customer 9,Chennai,TN,2023-08-31
C00010,Customer 10,Delhi,DL,2024-06-26
C00011,Customer 11,Delhi,DL,2025-11-29
C00012,Customer 12,Hyderabad,TS,2023-08-17
C00013,Customer 13,Thrissur,KL,2024-07-01
C00014,Customer 14,Malappuram,KL,2025-07-08
C00015,Customer 15,Hyderabad,TS,2026-05-31
C00016,Customer 16,Hyderabad,TS,2023-01-06
C00017,Customer 17,Thiruvananthapuram,KL,2024-04-12
C00018,Customer 18,Bengaluru,KA,2023-03-16
C00019,Customer 19,Thrissur,KL,2023-01-04
C00020,Customer 20,Kozhikode,KL,2024-10-07
C00021,Customer 21,Hyderabad,TS,2023-04-28
C00022,Customer 22,Kolkata,WB,2025-05-30
C00023,Customer 23,Bengaluru,KA,2024-05-18
C00024,Customer 24,Kozhikode,KL,2025-08-04
C00025,Customer 25,Kolkata,WB,2024-07-27
C00026,Customer 26,Thrissur,KL,2023-07-13
C00027,Customer 27,Kochi,KL,2025-04-26
C00028,Customer 28,Kolkata,WB,2024-12-15
C00029,Customer 29,Pune,MH,2025-11-15
C00030,Customer 30,Bengaluru,KA,2023-06-22
C00031,Customer 31,Kolkata,WB,2023-11-22
C00032,Customer 32,Mumbai,MH,2026-02-15
C00033,Customer 33,Kochi,KL,2025-04-15
C00034,Customer 34,Delhi,DL,2024-12-24
C00035,Customer 35,Delhi,DL,2023-08-13
C00036,Customer 36,Pune,MH,2024-06-15
C00037,Customer 37,Kolkata,WB,2023-04-23
C00038,Customer 38,Kolkata,WB,2023-05-20
C00039,Customer 39,Thiruvananthapuram,KL,2024-07-12
C00040,Customer 40,Kolkata,WB,2023-01-01
C00041,Customer 41,Chennai,TN,2023-03-31
C00042,Customer 42,Malappuram,KL,2024-10-15
C00043,Customer 43,Mumbai,MH,2023-11-16
C00044,Customer 44,Thiruvananthapuram,KL,2023-05-19
C00045,Customer 45,Thrissur,KL,2025-04-24
C00046,Customer 46,Thiruvananthapuram,KL,2023-09-16
C00047,Customer 47,Chennai,TN,2025-06-20
C00048,Customer 48,Thrissur,KL,2024-11-20
C00049,Customer 49,Mumbai,MH,2023-01-10
C00050,Customer 50,Chennai,TN,2023-09-18
C00051,Customer 51,Kozhikode,KL,2023-06-21
C00052,Customer 52,Malappuram,KL,2025-06-16
C00053,Customer 53,Mumbai,MH,2023-01-13
C00054,Customer 54,Kolkata,WB,2026-04-06
C00055,Customer 55,Kozhikode,KL,2023-11-17
C00056,Customer 56,Pune,MH,2023-11-25
C00057,Customer 57,Mumbai,MH,2025-02-23
C00058,Customer 58,Pune,MH,2025-02-15
C00059,Customer 59,Thrissur,KL,2025-06-29
C00060,Customer 60,Kozhikode,KL,2026-01-23
C00061,Customer 61,Malappuram,KL,2023-11-14
C00062,Customer 62,Kolkata,WB,2023-08-24
C00063,Customer 63,Kolkata,WB,2023-11-30
C00064,Customer 64,Chennai,TN,2024-01-11
C00065,Customer 65,Kolkata,WB,2026-03-06
C00066,Customer 66,Hyderabad,TS,2024-08-10
C00067,Customer 67,Thiruvananthapuram,KL,2024-05-27
C00068,Customer 68,Kochi,KL,2025-07-06
C00069,Customer 69,Malappuram,KL,2025-05-22
C00070,Customer 70,Kozhikode,KL,2026-06-06
C00071,Customer 71,Hyderabad,TS,2023-09-27
C00072,Customer 72,Malappuram,KL,2025-03-08
C00073,Customer 73,Kozhikode,KL,2024-12-25
C00074,Customer 74,Bengaluru,KA,2026-04-03
C00075,Customer 75,Bengaluru,KA,2023-01-05
C00076,Customer 76,Pune,MH,2025-04-30
C00077,Customer 77,Malappuram,KL,2023-03-19
C00078,Customer 78,Bengaluru,KA,2024-07-27
C00079,Customer 79,Kozhikode,KL,2023-05-12
C00080,Customer 80,Pune,MH,2024-08-23
C00081,Customer 81,Kolkata,WB,2025-12-01
C00082,Customer 82,Kozhikode,KL,2023-03-30
C00083,Customer 83,Pune,MH,2024-02-06
C00084,Customer 84,Malappuram,KL,2023-10-23
C00085,Customer 85,Hyderabad,TS,2024-09-07
C00086,Customer 86,Chennai,TN,2025-03-10
C00087,Customer 87,Kolkata,WB,2024-02-26
C00088,Customer 88,Mumbai,MH,2025-11-12
C00089,Customer 89,Hyderabad,TS,2024-07-28
C00090,Customer 90,Thrissur,KL,2023-05-23
C00091,Customer 91,Kozhikode,KL,2025-09-19
C00092,Customer 92,Thrissur,KL,2024-10-26
C00093,Customer 93,Hyderabad,TS,2023-05-25
C00094,Customer 94,Pune,MH,2026-06-02
C00095,Customer 95,Mumbai,MH,2025-10-03
C00096,Customer 96,Kolkata,WB,2024-05-17
C00097,Customer 97,Kolkata,WB,2025-03-31
C00098,Customer 98,Kolkata,WB,2023-04-14
C00099,Customer 99,Mumbai,MH,2025-11-28
C00100,Customer 100,Kochi,KL,2023-07-17
C00101,Customer 101,Mumbai,MH,2024-08-01
C00102,Customer 102,Chennai,TN,2024-01-26
C00103,Customer 103,Mumbai,MH,2026-04-17
C00104,Customer 104,Hyderabad,TS,2024-07-07
C00105,Customer 105,Kochi,KL,2025-11-04
C00106,Customer 106,Kolkata,WB,2024-04-22
C00107,Customer 107,Hyderabad,TS,2026-06-08
C00108,Customer 108,Hyderabad,TS,2025-07-11
C00109,Customer 109,Delhi,DL,2024-02-24
C00110,Customer 110,Thiruvananthapuram,KL,2023-06-06
C00111,Customer 111,Kochi,KL,2024-07-03
C00112,Customer 112,Hyderabad,TS,2026-01-25
C00113,Customer 113,Thiruvananthapuram,KL,2025-10-17
C00114,Customer 114,Thiruvananthapuram,KL,2025-09-23
C00115,Customer 115,Kochi,KL,2025-08-08
C00116,Customer 116,Delhi,DL,2023-10-16
C00117,Customer 117,Thrissur,KL,2023-07-15
C00118,Customer 118,Pune,MH,2024-08-20
C00119,Customer 119,Chennai,TN,2024-05-31
C00120,Customer 120,Pune,MH,2025-05-14
C00121,Customer 121,Mumbai,MH,2026-02-15
C00122,Customer 122,Kolkata,WB,2025-03-16
C00123,Customer 123,Chennai,TN,2026-03-28
C00124,Customer 124,Mumbai,MH,2025-03-25
C00125,Customer 125,Hyderabad,TS,2023-08-16
C00126,Customer 126,Kolkata,WB,2023-08-04
C00127,Customer 127,Kozhikode,KL,2025-08-05
C00128,Customer 128,Kochi,KL,2023-01-15
C00129,Customer 129,Chennai,TN,2026-03-26
C00130,Customer 130,Chennai,TN,2026-03-26
C00131,Customer 131,Hyderabad,TS,2023-02-16
C00132,Customer 132,Thrissur,KL,2023-11-20
C00133,Customer 133,Thiruvananthapuram,KL,2025-04-23
C00134,Customer 134,Kolkata,WB,2023-05-10
C00135,Customer 135,Hyderabad,TS,2023-04-05
C00136,Customer 136,Bengaluru,KA,2024-09-18
C00137,Customer 137,Delhi,DL,2025-01-24
C00138,Customer 138,Thiruvananthapuram,KL,2025-03-04
C00139,Customer 139,Kochi,KL,2023-03-10
C00140,Customer 140,Thiruvananthapuram,KL,2023-01-11
C00141,Customer 141,Thrissur,KL,2025-05-21
C00142,Customer 142,Thiruvananthapuram,KL,2024-07-03
C00143,Customer 143,Kochi,KL,2026-03-03
C00144,Customer 144,Thrissur,KL,2024-12-12
C00145,Customer 145,Pune,MH,2023-01-23
C00146,Customer 146,Chennai,TN,2025-03-25
C00147,Customer 147,Chennai,TN,2023-12-12
C00148,Customer 148,Delhi,DL,2023-10-29
C00149,Customer 149,Mumbai,MH,2023-12-29
C00150,Customer 150,Pune,MH,2024-01-31
C00151,Customer 151,Pune,MH,2023-08-06
C00152,Customer 152,Kolkata,WB,2023-05-21
C00153,Customer 153,Thiruvananthapuram,KL,2025-08-15
C00154,Customer 154,Chennai,TN,2026-05-18
C00155,Customer 155,Kochi,KL,2025-09-11
C00156,Customer 156,Malappuram,KL,2025-09-19
C00157,Customer 157,Malappuram,KL,2025-04-07
C00158,Customer 158,Thrissur,KL,2024-11-13
C00159,Customer 159,Chennai,TN,2025-09-30
C00160,Customer 160,Chennai,TN,2023-12-22
C00161,Customer 161,Delhi,DL,2025-10-04
C00162,Customer 162,Malappuram,KL,2026-03-02
C00163,Customer 163,Chennai,TN,2025-06-06
C00164,Customer 164,Delhi,DL,2023-05-07
C00165,Customer 165,Thiruvananthapuram,KL,2026-02-03
C00166,Customer 166,Bengaluru,KA,2025-10-05
C00167,Customer 167,Kolkata,WB,2024-08-26
C00168,Customer 168,Kozhikode,KL,2025-10-10
C00169,Customer 169,Pune,MH,2023-02-20
C00170,Customer 170,Mumbai,MH,2025-11-18
C00171,Customer 171,Thrissur,KL,2025-02-17
C00172,Customer 172,Bengaluru,KA,2025-03-24
C00173,Customer 173,Kolkata,WB,2024-02-24
C00174,Customer 174,Kolkata,WB,2026-04-20
C00175,Customer 175,Kolkata,WB,2025-09-09
C00176,Customer 176,Kolkata,WB,2025-04-04
C00177,Customer 177,Malappuram,KL,2025-10-21
C00178,Customer 178,Delhi,DL,2024-07-20
C00179,Customer 179,Pune,MH,2024-01-06
C00180,Customer 180,Chennai,TN,2025-07-24
C00181,Customer 181,Kolkata,WB,2024-10-22
C00182,Customer 182,Mumbai,MH,2025-08-26
C00183,Customer 183,Chennai,TN,2026-03-06
C00184,Customer 184,Kochi,KL,2023-07-21
C00185,Customer 185,Kochi,KL,2023-11-09
C00186,Customer 186,Mumbai,MH,2023-04-27
C00187,Customer 187,Delhi,DL,2025-07-25
C00188,Customer 188,Mumbai,MH,2024-07-28
C00189,Customer 189,Malappuram,KL,2023-09-01
C00190,Customer 190,Mumbai,MH,2024-06-20
C00191,Customer 191,Thiruvananthapuram,KL,2023-03-16
C00192,Customer 192,Chennai,TN,2024-01-21
C00193,Customer 193,Bengaluru,KA,2026-05-18
C00194,Customer 194,Hyderabad,TS,2024-04-19
C00195,Customer 195,Delhi,DL,2024-02-22
C00196,Customer 196,Mumbai,MH,2023-12-13
C00197,Customer 197,Thrissur,KL,2024-10-01
C00198,Customer 198,Kochi,KL,2025-07-27
C00199,Customer 199,Thiruvananthapuram,KL,2025-08-12
C00200,Customer 200,Pune,MH,2025-05-25
C00201,Customer 201,Kolkata,WB,2025-02-01
C00202,Customer 202,Hyderabad,TS,2026-04-17
C00203,Customer 203,Delhi,DL,2026-04-20
C00204,Customer 204,Bengaluru,KA,2024-10-25
C00205,Customer 205,Hyderabad,TS,2023-01-25
C00206,Customer 206,Mumbai,MH,2026-04-18
C00207,Customer 207,Malappuram,KL,2024-12-10
C00208,Customer 208,Kochi,KL,2026-03-30
C00209,Customer 209,Kochi,KL,2023-06-26
C00210,Customer 210,Pune,MH,2023-10-12
C00211,Customer 211,Malappuram,KL,2023-03-04
C00212,Customer 212,Kolkata,WB,2025-09-29
C00213,Customer 213,Chennai,TN,2024-10-23
C00214,Customer 214,Kozhikode,KL,2024-10-27
C00215,Customer 215,Thiruvananthapuram,KL,2023-06-05
C00216,Customer 216,Kochi,KL,2025-12-08
C00217,Customer 217,Thrissur,KL,2025-08-24
C00218,Customer 218,Kochi,KL,2025-04-28
C00219,Customer 219,Hyderabad,TS,2026-01-12
C00220,Customer 220,Kochi,KL,2024-11-19
C00221,Customer 221,Delhi,DL,2023-05-28
C00222,Customer 222,Kochi,KL,2023-12-08
C00223,Customer 223,Kozhikode,KL,2024-04-20
C00224,Customer 224,Kozhikode,KL,2025-12-22
C00225,Customer 225,Kolkata,WB,2024-07-14
C00226,Customer 226,Bengaluru,KA,2023-11-23
C00227,Customer 227,Chennai,TN,2026-03-10
C00228,Customer 228,Thrissur,KL,2025-09-16
C00229,Customer 229,Kochi,KL,2023-08-03
C00230,Customer 230,Kochi,KL,2024-03-10
C00231,Customer 231,Thiruvananthapuram,KL,2025-08-09
C00232,Customer 232,Kozhikode,KL,2024-12-23
C00233,Customer 233,Thrissur,KL,2023-02-01
C00234,Customer 234,Kolkata,WB,2024-10-31
C00235,Customer 235,Pune,MH,2023-10-12
C00236,Customer 236,Bengaluru,KA,2024-03-04
C00237,Customer 237,Chennai,TN,2023-10-13
C00238,Customer 238,Malappuram,KL,2026-03-13
C00239,Customer 239,Chennai,TN,2025-11-08
C00240,Customer 240,Delhi,DL,2023-01-18
C00241,Customer 241,Hyderabad,TS,2025-02-07
C00242,Customer 242,Delhi,DL,2024-08-12
C00243,Customer 243,Kochi,KL,2026-04-13
C00244,Customer 244,Bengaluru,KA,2025-10-06
C00245,Customer 245,Hyderabad,TS,2023-07-13
C00246,Customer 246,Thrissur,KL,2024-05-16
C00247,Customer 247,Malappuram,KL,2025-09-14
C00248,Customer 248,Kozhikode,KL,2026-02-10
C00249,Customer 249,Bengaluru,KA,2023-04-24
C00250,Customer 250,Bengaluru,KA,2026-05-30
C00251,Customer 251,Delhi,DL,2025-08-04
C00252,Customer 252,Kochi,KL,2025-04-10
C00253,Customer 253,Mumbai,MH,2025-07-13
C00254,Customer 254,Kolkata,WB,2023-02-24
C00255,Customer 255,Delhi,DL,2025-03-10
C00256,Customer 256,Bengaluru,KA,2025-02-16
C00257,Customer 257,Thiruvananthapuram,KL,2023-06-11
C00258,Customer 258,Malappuram,KL,2023-03-28
C00259,Customer 259,Kolkata,WB,2023-02-24
C00260,Customer 260,Delhi,DL,2026-04-16
C00261,Customer 261,Malappuram,KL,2025-10-28
C00262,Customer 262,Thiruvananthapuram,KL,2025-04-12
C00263,Customer 263,Pune,MH,2023-11-09
C00264,Customer 264,Thiruvananthapuram,KL,2025-01-28
C00265,Customer 265,Thiruvananthapuram,KL,2024-03-18
C00266,Customer 266,Malappuram,KL,2023-11-24
C00267,Customer 267,Chennai,TN,2025-12-13
C00268,Customer 268,Malappuram,KL,2025-01-30
C00269,Customer 269,Mumbai,MH,2026-06-16
C00270,Customer 270,Kochi,KL,2026-06-06
C00271,Customer 271,Hyderabad,TS,2024-08-01
C00272,Customer 272,Chennai,TN,2025-12-10
C00273,Customer 273,Kozhikode,KL,2025-10-03
C00274,Customer 274,Hyderabad,TS,2023-04-06
C00275,Customer 275,Kochi,KL,2026-01-16
C00276,Customer 276,Delhi,DL,2026-01-06
C00277,Customer 277,Kolkata,WB,2026-02-17
C00278,Customer 278,Mumbai,MH,2025-03-24
C00279,Customer 279,Mumbai,MH,2024-05-05
C00280,Customer 280,Kozhikode,KL,2024-03-27
C00281,Customer 281,Chennai,TN,2023-06-14
C00282,Customer 282,Pune,MH,2023-07-01
C00283,Customer 283,Thiruvananthapuram,KL,2024-04-13
C00284,Customer 284,Chennai,TN,2025-06-28
C00285,Customer 285,Kolkata,WB,2025-01-04
C00286,Customer 286,Pune,MH,2025-04-02
C00287,Customer 287,Mumbai,MH,2025-08-01
C00288,Customer 288,Malappuram,KL,2023-01-07
C00289,Customer 289,Kolkata,WB,2023-11-26
C00290,Customer 290,Kochi,KL,2025-02-13
C00291,Customer 291,Kozhikode,KL,2023-05-31
C00292,Customer 292,Kochi,KL,2026-01-13
C00293,Customer 293,Kolkata,WB,2023-05-27
C00294,Customer 294,Thrissur,KL,2025-07-03
C00295,Customer 295,Thrissur,KL,2024-11-30
C00296,Customer 296,Delhi,DL,2023-03-23
C00297,Customer 297,Chennai,TN,2024-05-28
C00298,Customer 298,Mumbai,MH,2025-03-25
C00299,Customer 299,Mumbai,MH,2024-12-09
C00300,Customer 300,Thiruvananthapuram,KL,2025-01-15
C00301,Customer 301,Thiruvananthapuram,KL,2025-10-19
C00302,Customer 302,Thiruvananthapuram,KL,2024-12-07
C00303,Customer 303,Malappuram,KL,2024-04-15
C00304,Customer 304,Hyderabad,TS,2026-02-16
C00305,Customer 305,Bengaluru,KA,2024-01-31
C00306,Customer 306,Hyderabad,TS,2023-09-18
C00307,Customer 307,Kochi,KL,2025-03-15
C00308,Customer 308,Hyderabad,TS,2025-07-22
C00309,Customer 309,Malappuram,KL,2025-06-23
C00310,Customer 310,Delhi,DL,2026-06-03
C00311,Customer 311,Kochi,KL,2025-12-12
C00312,Customer 312,Hyderabad,TS,2025-07-28
C00313,Customer 313,Malappuram,KL,2025-05-03
C00314,Customer 314,Bengaluru,KA,2024-08-15
C00315,Customer 315,Hyderabad,TS,2024-12-14
C00316,Customer 316,Malappuram,KL,2026-03-27
C00317,Customer 317,Thiruvananthapuram,KL,2024-09-23
C00318,Customer 318,Mumbai,MH,2023-02-28
C00319,Customer 319,Thiruvananthapuram,KL,2023-05-08
C00320,Customer 320,Mumbai,MH,2025-01-05
C00321,Customer 321,Kozhikode,KL,2024-12-21
C00322,Customer 322,Kozhikode,KL,2026-02-12
C00323,Customer 323,Kozhikode,KL,2026-05-17
C00324,Customer 324,Bengaluru,KA,2024-06-09
C00325,Customer 325,Thiruvananthapuram,KL,2024-06-04
C00326,Customer 326,Mumbai,MH,2024-07-05
C00327,Customer 327,Malappuram,KL,2023-08-25
C00328,Customer 328,Kochi,KL,2026-05-09
C00329,Customer 329,Malappuram,KL,2026-06-12
C00330,Customer 330,Kochi,KL,2024-05-08
C00331,Customer 331,Thrissur,KL,2023-01-04
C00332,Customer 332,Malappuram,KL,2024-10-27
C00333,Customer 333,Hyderabad,TS,2024-03-17
C00334,Customer 334,Hyderabad,TS,2023-01-29
C00335,Customer 335,Chennai,TN,2026-02-06
C00336,Customer 336,Thiruvananthapuram,KL,2024-09-01
C00337,Customer 337,Kochi,KL,2025-03-15
C00338,Customer 338,Kochi,KL,2023-03-16
C00339,Customer 339,Kolkata,WB,2025-04-17
C00340,Customer 340,Delhi,DL,2026-03-15
C00341,Customer 341,Thiruvananthapuram,KL,2023-05-08
C00342,Customer 342,Bengaluru,KA,2023-02-11
C00343,Customer 343,Chennai,TN,2023-02-10
C00344,Customer 344,Bengaluru,KA,2025-07-22
C00345,Customer 345,Bengaluru,KA,2023-02-03
C00346,Customer 346,Bengaluru,KA,2025-11-06
C00347,Customer 347,Thiruvananthapuram,KL,2026-03-22
C00348,Customer 348,Bengaluru,KA,2025-09-24
C00349,Customer 349,Hyderabad,TS,2024-08-10
C00350,Customer 350,Delhi,DL,2023-12-08
C00351,Customer 351,Delhi,DL,2023-01-27
C00352,Customer 352,Kozhikode,KL,2024-10-07
C00353,Customer 353,Thrissur,KL,2024-12-31
C00354,Customer 354,Kochi,KL,2023-06-17
C00355,Customer 355,Kolkata,WB,2024-09-01
C00356,Customer 356,Kochi,KL,2023-09-25
C00357,Customer 357,Thrissur,KL,2025-03-31
C00358,Customer 358,Kolkata,WB,2024-03-30
C00359,Customer 359,Thiruvananthapuram,KL,2025-06-24
C00360,Customer 360,Malappuram,KL,2025-07-10
C00361,Customer 361,Thiruvananthapuram,KL,2025-09-07
C00362,Customer 362,Kochi,KL,2024-12-02
C00363,Customer 363,Kochi,KL,2024-09-25
C00364,Customer 364,Kolkata,WB,2023-05-10
C00365,Customer 365,Kolkata,WB,2025-10-16
C00366,Customer 366,Thrissur,KL,2025-03-29
C00367,Customer 367,Bengaluru,KA,2024-11-23
C00368,Customer 368,Thiruvananthapuram,KL,2025-03-04
C00369,Customer 369,Kolkata,WB,2023-01-29
C00370,Customer 370,Mumbai,MH,2023-05-29
C00371,Customer 371,Thrissur,KL,2023-01-11
C00372,Customer 372,Hyderabad,TS,2024-11-06
C00373,Customer 373,Kochi,KL,2026-02-10
C00374,Customer 374,Thrissur,KL,2023-07-06
C00375,Customer 375,Thiruvananthapuram,KL,2025-03-17
C00376,Customer 376,Kolkata,WB,2025-01-13
C00377,Customer 377,Kochi,KL,2026-06-04
C00378,Customer 378,Malappuram,KL,2023-04-08
C00379,Customer 379,Thrissur,KL,2023-02-24
C00380,Customer 380,Chennai,TN,2024-09-14
C00381,Customer 381,Kochi,KL,2024-10-25
C00382,Customer 382,Thiruvananthapuram,KL,2025-01-27
C00383,Customer 383,Kozhikode,KL,2024-02-10
C00384,Customer 384,Mumbai,MH,2023-03-10
C00385,Customer 385,Pune,MH,2025-01-20
C00386,Customer 386,Bengaluru,KA,2026-03-17
C00387,Customer 387,Pune,MH,2026-06-21
C00388,Customer 388,Thiruvananthapuram,KL,2025-08-15
C00389,Customer 389,Hyderabad,TS,2023-12-31
C00390,Customer 390,Hyderabad,TS,2024-04-26
C00391,Customer 391,Kozhikode,KL,2023-07-20
C00392,Customer 392,Bengaluru,KA,2023-06-03
C00393,Customer 393,Chennai,TN,2023-03-14
C00394,Customer 394,Kozhikode,KL,2024-12-13
C00395,Customer 395,Delhi,DL,2023-10-23
C00396,Customer 396,Pune,MH,2025-11-06
C00397,Customer 397,Kozhikode,KL,2026-05-25
C00398,Customer 398,Pune,MH,2023-03-02
C00399,Customer 399,Kochi,KL,2025-07-27
C00400,Customer 400,Hyderabad,TS,2023-02-11
C00401,Customer 401,Kochi,KL,2023-01-25
C00402,Customer 402,Mumbai,MH,2025-11-28
C00403,Customer 403,Delhi,DL,2023-05-11
C00404,Customer 404,Bengaluru,KA,2026-06-06
C00405,Customer 405,Chennai,TN,2023-04-18
C00406,Customer 406,Pune,MH,2023-06-21
C00407,Customer 407,Chennai,TN,2023-04-12
C00408,Customer 408,Pune,MH,2025-05-15
C00409,Customer 409,Thiruvananthapuram,KL,2024-06-07
C00410,Customer 410,Kozhikode,KL,2023-10-02
C00411,Customer 411,Mumbai,MH,2025-12-03
C00412,Customer 412,Hyderabad,TS,2025-03-27
C00413,Customer 413,Kolkata,WB,2025-08-14
C00414,Customer 414,Pune,MH,2025-11-06
C00415,Customer 415,Chennai,TN,2023-11-26
C00416,Customer 416,Mumbai,MH,2023-01-12
C00417,Customer 417,Malappuram,KL,2023-08-04
C00418,Customer 418,Malappuram,KL,2023-12-05
C00419,Customer 419,Kochi,KL,2024-10-22
C00420,Customer 420,Hyderabad,TS,2026-01-09
C00421,Customer 421,Kolkata,WB,2024-01-09
C00422,Customer 422,Thiruvananthapuram,KL,2025-09-02
C00423,Customer 423,Chennai,TN,2024-12-10
C00424,Customer 424,Kolkata,WB,2026-05-08
C00425,Customer 425,Kozhikode,KL,2024-04-10
C00426,Customer 426,Kozhikode,KL,2026-01-17
C00427,Customer 427,Chennai,TN,2024-05-03
C00428,Customer 428,Bengaluru,KA,2023-02-16
C00429,Customer 429,Thiruvananthapuram,KL,2025-02-16
C00430,Customer 430,Mumbai,MH,2025-11-05
C00431,Customer 431,Pune,MH,2024-12-11
C00432,Customer 432,Bengaluru,KA,2024-02-05
C00433,Customer 433,Pune,MH,2025-09-07
C00434,Customer 434,Pune,MH,2026-01-14
C00435,Customer 435,Bengaluru,KA,2023-09-07
C00436,Customer 436,Kochi,KL,2024-01-26
C00437,Customer 437,Malappuram,KL,2023-12-01
C00438,Customer 438,Pune,MH,2024-09-20
C00439,Customer 439,Bengaluru,KA,2023-05-17
C00440,Customer 440,Bengaluru,KA,2025-06-01
C00441,Customer 441,Delhi,DL,2024-11-18
C00442,Customer 442,Kolkata,WB,2025-04-06
C00443,Customer 443,Thrissur,KL,2024-12-27
C00444,Customer 444,Kochi,KL,2024-08-16
C00445,Customer 445,Hyderabad,TS,2026-05-31
C00446,Customer 446,Thrissur,KL,2025-09-16
C00447,Customer 447,Kolkata,WB,2024-01-07
C00448,Customer 448,Kolkata,WB,2025-07-23
C00449,Customer 449,Kolkata,WB,2025-09-21
C00450,Customer 450,Thrissur,KL,2024-02-06
C00451,Customer 451,Chennai,TN,2024-09-06
C00452,Customer 452,Malappuram,KL,2026-03-28
C00453,Customer 453,Bengaluru,KA,2026-03-21
C00454,Customer 454,Malappuram,KL,2025-09-21
C00455,Customer 455,Thiruvananthapuram,KL,2024-09-11
C00456,Customer 456,Chennai,TN,2023-07-07
C00457,Customer 457,Hyderabad,TS,2026-01-26
C00458,Customer 458,Malappuram,KL,2023-05-11
C00459,Customer 459,Kozhikode,KL,2025-03-15
C00460,Customer 460,Kolkata,WB,2026-04-09
C00461,Customer 461,Pune,MH,2025-07-24
C00462,Customer 462,Thiruvananthapuram,KL,2025-09-12
C00463,Customer 463,Kochi,KL,2023-07-02
C00464,Customer 464,Hyderabad,TS,2025-09-09
C00465,Customer 465,Thiruvananthapuram,KL,2023-12-30
C00466,Customer 466,Kolkata,WB,2023-02-08
C00467,Customer 467,Pune,MH,2024-05-11
C00468,Customer 468,Chennai,TN,2025-09-08
C00469,Customer 469,Pune,MH,2025-07-09
C00470,Customer 470,Thrissur,KL,2024-12-22
C00471,Customer 471,Pune,MH,2026-03-30
C00472,Customer 472,Thrissur,KL,2023-01-16
C00473,Customer 473,Chennai,TN,2024-05-07
C00474,Customer 474,Mumbai,MH,2026-02-05
C00475,Customer 475,Kolkata,WB,2025-06-12
C00476,Customer 476,Thrissur,KL,2023-11-07
C00477,Customer 477,Kochi,KL,2025-01-08
C00478,Customer 478,Pune,MH,2026-04-08
C00479,Customer 479,Pune,MH,2024-06-29
C00480,Customer 480,Kochi,KL,2024-02-18
C00481,Customer 481,Kozhikode,KL,2023-09-08
C00482,Customer 482,Bengaluru,KA,2025-01-28
C00483,Customer 483,Mumbai,MH,2026-03-10
C00484,Customer 484,Hyderabad,TS,2025-11-28
C00485,Customer 485,Thrissur,KL,2025-03-24
C00486,Customer 486,Kochi,KL,2023-01-29
C00487,Customer 487,Chennai,TN,2025-08-15
C00488,Customer 488,Thrissur,KL,2024-04-21
C00489,Customer 489,Bengaluru,KA,2023-11-14
C00490,Customer 490,Chennai,TN,2023-09-02
C00491,Customer 491,Thiruvananthapuram,KL,2025-01-17
C00492,Customer 492,Kolkata,WB,2024-11-27
C00493,Customer 493,Pune,MH,2023-09-29
C00494,Customer 494,Thiruvananthapuram,KL,2026-06-16
C00495,Customer 495,Thrissur,KL,2024-01-12
C00496,Customer 496,Bengaluru,KA,2023-09-23
C00497,Customer 497,Mumbai,MH,2025-07-14
C00498,Customer 498,Kolkata,WB,2025-07-09
C00499,Customer 499,Thrissur,KL,2023-12-06
C00500,Customer 500,Kochi,KL,2024-01-24
C00501,Customer 501,Malappuram,KL,2024-07-30
C00502,Customer 502,Thrissur,KL,2023-01-03
C00503,Customer 503,Kolkata,WB,2026-03-11
C00504,Customer 504,Pune,MH,2024-01-11
C00505,Customer 505,Pune,MH,2023-11-20
C00506,Customer 506,Thrissur,KL,2023-05-26
C00507,Customer 507,Chennai,TN,2023-10-20
C00508,Customer 508,Malappuram,KL,2024-03-07
C00509,Customer 509,Kochi,KL,2024-12-05
C00510,Customer 510,Thrissur,KL,2025-08-06
C00511,Customer 511,Chennai,TN,2024-08-07
C00512,Customer 512,Pune,MH,2024-02-03
C00513,Customer 513,Pune,MH,2025-03-27
C00514,Customer 514,Bengaluru,KA,2025-08-21
C00515,Customer 515,Thrissur,KL,2026-03-09
C00516,Customer 516,Malappuram,KL,2023-07-06
C00517,Customer 517,Kozhikode,KL,2023-03-02
C00518,Customer 518,Malappuram,KL,2025-07-27
C00519,Customer 519,Pune,MH,2024-12-10
C00520,Customer 520,Pune,MH,2025-03-17
C00521,Customer 521,Thiruvananthapuram,KL,2023-01-11
C00522,Customer 522,Pune,MH,2025-12-21
C00523,Customer 523,Kochi,KL,2023-08-14
C00524,Customer 524,Hyderabad,TS,2026-03-22
C00525,Customer 525,Thrissur,KL,2024-07-17
C00526,Customer 526,Malappuram,KL,2025-02-10
C00527,Customer 527,Hyderabad,TS,2025-06-03
C00528,Customer 528,Chennai,TN,2026-06-20
C00529,Customer 529,Kozhikode,KL,2026-02-04
C00530,Customer 530,Kochi,KL,2023-08-14
C00531,Customer 531,Kolkata,WB,2025-04-04
C00532,Customer 532,Delhi,DL,2023-08-06
C00533,Customer 533,Malappuram,KL,2025-07-25
C00534,Customer 534,Hyderabad,TS,2025-01-22
C00535,Customer 535,Kolkata,WB,2024-05-20
C00536,Customer 536,Kozhikode,KL,2023-09-16
C00537,Customer 537,Thiruvananthapuram,KL,2023-02-23
C00538,Customer 538,Kolkata,WB,2025-12-06
C00539,Customer 539,Kochi,KL,2024-12-27
C00540,Customer 540,Kochi,KL,2024-11-19
C00541,Customer 541,Thiruvananthapuram,KL,2026-01-27
C00542,Customer 542,Delhi,DL,2025-11-09
C00543,Customer 543,Thrissur,KL,2024-02-23
C00544,Customer 544,Kolkata,WB,2024-11-20
C00545,Customer 545,Thiruvananthapuram,KL,2025-04-29
C00546,Customer 546,Kochi,KL,2023-03-03
C00547,Customer 547,Kochi,KL,2026-03-14
C00548,Customer 548,Hyderabad,TS,2023-08-04
C00549,Customer 549,Pune,MH,2023-01-03
C00550,Customer 550,Delhi,DL,2023-06-09
C00551,Customer 551,Kolkata,WB,2025-02-19
C00552,Customer 552,Kolkata,WB,2026-02-17
C00553,Customer 553,Kozhikode,KL,2025-06-11
C00554,Customer 554,Thiruvananthapuram,KL,2026-01-17
C00555,Customer 555,Kozhikode,KL,2023-11-25
C00556,Customer 556,Thiruvananthapuram,KL,2024-08-02
C00557,Customer 557,Chennai,TN,2025-08-09
C00558,Customer 558,Kochi,KL,2024-09-26
C00559,Customer 559,Pune,MH,2025-09-14
C00560,Customer 560,Hyderabad,TS,2026-05-03
C00561,Customer 561,Pune,MH,2025-07-09
C00562,Customer 562,Pune,MH,2025-01-07
C00563,Customer 563,Pune,MH,2023-06-19
C00564,Customer 564,Kozhikode,KL,2024-06-04
C00565,Customer 565,Thiruvananthapuram,KL,2023-02-09
C00566,Customer 566,Mumbai,MH,2025-08-12
C00567,Customer 567,Chennai,TN,2026-06-03
C00568,Customer 568,Malappuram,KL,2025-09-10
C00569,Customer 569,Pune,MH,2026-02-21
C00570,Customer 570,Thrissur,KL,2025-09-01
C00571,Customer 571,Kozhikode,KL,2023-02-07
C00572,Customer 572,Delhi,DL,2023-11-24
C00573,Customer 573,Hyderabad,TS,2026-06-28
C00574,Customer 574,Malappuram,KL,2026-04-14
C00575,Customer 575,Mumbai,MH,2025-07-02
C00576,Customer 576,Thrissur,KL,2024-03-29
C00577,Customer 577,Mumbai,MH,2023-02-06
C00578,Customer 578,Malappuram,KL,2025-08-30
C00579,Customer 579,Pune,MH,2025-03-06
C00580,Customer 580,Thrissur,KL,2025-08-30
C00581,Customer 581,Mumbai,MH,2024-08-15
C00582,Customer 582,Hyderabad,TS,2026-02-11
C00583,Customer 583,Thiruvananthapuram,KL,2025-11-29
C00584,Customer 584,Kochi,KL,2023-08-12
C00585,Customer 585,Thiruvananthapuram,KL,2023-11-14
C00586,Customer 586,Malappuram,KL,2023-12-15
C00587,Customer 587,Kozhikode,KL,2023-04-25
C00588,Customer 588,Kochi,KL,2024-11-28
C00589,Customer 589,Chennai,TN,2025-11-29
C00590,Customer 590,Hyderabad,TS,2023-02-09
C00591,Customer 591,Chennai,TN,2023-08-04
C00592,Customer 592,Thrissur,KL,2026-03-16
C00593,Customer 593,Kolkata,WB,2023-12-02
C00594,Customer 594,Kochi,KL,2026-04-06
C00595,Customer 595,Chennai,TN,2023-04-02
C00596,Customer 596,Chennai,TN,2023-12-19
C00597,Customer 597,Mumbai,MH,2024-07-24
C00598,Customer 598,Thiruvananthapuram,KL,2025-03-26
C00599,Customer 599,Mumbai,MH,2025-02-19
C00600,Customer 600,Kochi,KL,2023-12-29
C00601,Customer 601,Kochi,KL,2024-07-10
C00602,Customer 602,Malappuram,KL,2026-04-08
C00603,Customer 603,Mumbai,MH,2023-12-22
C00604,Customer 604,Bengaluru,KA,2023-07-10
C00605,Customer 605,Delhi,DL,2024-02-26
C00606,Customer 606,Thiruvananthapuram,KL,2024-11-30
C00607,Customer 607,Kochi,KL,2023-01-07
C00608,Customer 608,Malappuram,KL,2023-05-13
C00609,Customer 609,Kolkata,WB,2024-07-10
C00610,Customer 610,Mumbai,MH,2025-04-05
C00611,Customer 611,Thiruvananthapuram,KL,2025-01-30
C00612,Customer 612,Kolkata,WB,2025-11-20
C00613,Customer 613,Mumbai,MH,2024-06-18
C00614,Customer 614,Chennai,TN,2024-03-01
C00615,Customer 615,Kolkata,WB,2024-11-02
C00616,Customer 616,Malappuram,KL,2023-12-29
C00617,Customer 617,Thiruvananthapuram,KL,2023-03-23
C00618,Customer 618,Pune,MH,2023-12-22
C00619,Customer 619,Thrissur,KL,2024-08-11
C00620,Customer 620,Thrissur,KL,2023-10-22
C00621,Customer 621,Thiruvananthapuram,KL,2026-06-01
C00622,Customer 622,Kolkata,WB,2025-12-05
C00623,Customer 623,Mumbai,MH,2026-02-10
C00624,Customer 624,Malappuram,KL,2026-06-10
C00625,Customer 625,Delhi,DL,2023-01-17
C00626,Customer 626,Thrissur,KL,2023-12-26
C00627,Customer 627,Malappuram,KL,2026-05-31
C00628,Customer 628,Thrissur,KL,2025-05-15
C00629,Customer 629,Chennai,TN,2024-11-30
C00630,Customer 630,Mumbai,MH,2024-03-23
C00631,Customer 631,Chennai,TN,2025-05-05
C00632,Customer 632,Thrissur,KL,2023-12-31
C00633,Customer 633,Pune,MH,2024-11-05
C00634,Customer 634,Pune,MH,2025-10-04
C00635,Customer 635,Chennai,TN,2024-04-11
C00636,Customer 636,Pune,MH,2024-02-18
C00637,Customer 637,Thrissur,KL,2024-08-08
C00638,Customer 638,Thiruvananthapuram,KL,2026-06-10
C00639,Customer 639,Chennai,TN,2026-06-01
C00640,Customer 640,Delhi,DL,2025-09-20
C00641,Customer 641,Delhi,DL,2024-07-25
C00642,Customer 642,Kozhikode,KL,2023-12-01
C00643,Customer 643,Kolkata,WB,2026-05-30
C00644,Customer 644,Mumbai,MH,2023-02-06
C00645,Customer 645,Pune,MH,2025-09-15
C00646,Customer 646,Pune,MH,2023-10-05
C00647,Customer 647,Kolkata,WB,2026-05-04
C00648,Customer 648,Kochi,KL,2025-07-04
C00649,Customer 649,Bengaluru,KA,2024-04-28
C00650,Customer 650,Chennai,TN,2026-06-19
C00651,Customer 651,Hyderabad,TS,2024-12-31
C00652,Customer 652,Pune,MH,2023-07-11
C00653,Customer 653,Mumbai,MH,2025-11-06
C00654,Customer 654,Kozhikode,KL,2024-06-07
C00655,Customer 655,Delhi,DL,2025-07-06
C00656,Customer 656,Pune,MH,2024-02-05
C00657,Customer 657,Kozhikode,KL,2025-06-04
C00658,Customer 658,Thrissur,KL,2024-12-05
C00659,Customer 659,Thrissur,KL,2023-01-22
C00660,Customer 660,Bengaluru,KA,2024-04-18
C00661,Customer 661,Thiruvananthapuram,KL,2026-02-17
C00662,Customer 662,Hyderabad,TS,2023-07-29
C00663,Customer 663,Kochi,KL,2023-11-02
C00664,Customer 664,Bengaluru,KA,2024-12-04
C00665,Customer 665,Malappuram,KL,2024-11-17
C00666,Customer 666,Kochi,KL,2023-10-12
C00667,Customer 667,Chennai,TN,2024-12-16
C00668,Customer 668,Mumbai,MH,2025-02-01
C00669,Customer 669,Malappuram,KL,2026-06-04
C00670,Customer 670,Malappuram,KL,2025-08-05
C00671,Customer 671,Bengaluru,KA,2024-01-16
C00672,Customer 672,Kolkata,WB,2024-04-04
C00673,Customer 673,Thiruvananthapuram,KL,2025-10-27
C00674,Customer 674,Kolkata,WB,2023-01-29
C00675,Customer 675,Bengaluru,KA,2025-06-25
C00676,Customer 676,Chennai,TN,2025-11-22
C00677,Customer 677,Delhi,DL,2025-05-28
C00678,Customer 678,Pune,MH,2023-03-20
C00679,Customer 679,Pune,MH,2025-08-04
C00680,Customer 680,Thiruvananthapuram,KL,2024-04-03
C00681,Customer 681,Chennai,TN,2024-07-23
C00682,Customer 682,Thiruvananthapuram,KL,2025-01-07
C00683,Customer 683,Kozhikode,KL,2024-05-30
C00684,Customer 684,Kolkata,WB,2026-01-27
C00685,Customer 685,Pune,MH,2024-02-01
C00686,Customer 686,Malappuram,KL,2023-02-08
C00687,Customer 687,Kolkata,WB,2025-06-05
C00688,Customer 688,Hyderabad,TS,2025-03-07
C00689,Customer 689,Mumbai,MH,2023-06-06
C00690,Customer 690,Chennai,TN,2026-01-03
C00691,Customer 691,Kochi,KL,2025-06-02
C00692,Customer 692,Thiruvananthapuram,KL,2026-02-27
C00693,Customer 693,Kolkata,WB,2025-08-31
C00694,Customer 694,Mumbai,MH,2026-01-12
C00695,Customer 695,Kolkata,WB,2025-11-11
C00696,Customer 696,Kochi,KL,2025-04-28
C00697,Customer 697,Mumbai,MH,2025-01-17
C00698,Customer 698,Hyderabad,TS,2025-09-15
C00699,Customer 699,Kochi,KL,2023-01-21
C00700,Customer 700,Bengaluru,KA,2023-10-30
C00701,Customer 701,Thrissur,KL,2025-05-18
C00702,Customer 702,Bengaluru,KA,2023-03-25
C00703,Customer 703,Pune,MH,2024-07-23
C00704,Customer 704,Kolkata,WB,2025-07-22
C00705,Customer 705,Thrissur,KL,2026-03-31
C00706,Customer 706,Bengaluru,KA,2026-04-01
C00707,Customer 707,Thrissur,KL,2025-10-05
C00708,Customer 708,Delhi,DL,2025-03-03
C00709,Customer 709,Kolkata,WB,2025-03-02
C00710,Customer 710,Thrissur,KL,2024-05-06
C00711,Customer 711,Malappuram,KL,2023-07-27
C00712,Customer 712,Thiruvananthapuram,KL,2025-12-19
C00713,Customer 713,Thiruvananthapuram,KL,2024-03-05
C00714,Customer 714,Malappuram,KL,2025-09-11
C00715,Customer 715,Mumbai,MH,2024-06-03
C00716,Customer 716,Kozhikode,KL,2024-08-13
C00717,Customer 717,Mumbai,MH,2025-11-16
C00718,Customer 718,Kochi,KL,2023-07-18
C00719,Customer 719,Kochi,KL,2024-01-22
C00720,Customer 720,Thrissur,KL,2023-12-15
C00721,Customer 721,Bengaluru,KA,2025-08-17
C00722,Customer 722,Bengaluru,KA,2024-11-23
C00723,Customer 723,Thiruvananthapuram,KL,2024-01-13
C00724,Customer 724,Chennai,TN,2025-06-17
C00725,Customer 725,Mumbai,MH,2025-07-04
C00726,Customer 726,Delhi,DL,2024-06-10
C00727,Customer 727,Kolkata,WB,2026-03-22
C00728,Customer 728,Pune,MH,2025-01-03
C00729,Customer 729,Hyderabad,TS,2023-07-25
C00730,Customer 730,Bengaluru,KA,2024-03-30
C00731,Customer 731,Kolkata,WB,2026-06-13
C00732,Customer 732,Hyderabad,TS,2024-06-04
C00733,Customer 733,Kolkata,WB,2025-10-13
C00734,Customer 734,Thrissur,KL,2025-08-13
C00735,Customer 735,Hyderabad,TS,2024-12-26
C00736,Customer 736,Pune,MH,2025-10-10
C00737,Customer 737,Kolkata,WB,2024-05-15
C00738,Customer 738,Malappuram,KL,2023-04-27
C00739,Customer 739,Pune,MH,2024-01-21
C00740,Customer 740,Hyderabad,TS,2024-08-06
C00741,Customer 741,Pune,MH,2024-01-30
C00742,Customer 742,Kolkata,WB,2025-12-23
C00743,Customer 743,Kozhikode,KL,2024-12-21
C00744,Customer 744,Kolkata,WB,2023-03-13
C00745,Customer 745,Kolkata,WB,2023-10-01
C00746,Customer 746,Thrissur,KL,2023-12-04
C00747,Customer 747,Mumbai,MH,2024-08-29
C00748,Customer 748,Malappuram,KL,2023-06-15
C00749,Customer 749,Delhi,DL,2023-01-11
C00750,Customer 750,Bengaluru,KA,2024-12-29
C00751,Customer 751,Kochi,KL,2025-03-11
C00752,Customer 752,Mumbai,MH,2023-04-12
C00753,Customer 753,Kochi,KL,2025-02-17
C00754,Customer 754,Thrissur,KL,2023-08-02
C00755,Customer 755,Malappuram,KL,2026-01-16
C00756,Customer 756,Kolkata,WB,2024-02-05
C00757,Customer 757,Thiruvananthapuram,KL,2024-08-10
C00758,Customer 758,Bengaluru,KA,2025-06-07
C00759,Customer 759,Kozhikode,KL,2025-12-05
C00760,Customer 760,Thiruvananthapuram,KL,2024-08-14
C00761,Customer 761,Thrissur,KL,2026-01-14
C00762,Customer 762,Mumbai,MH,2023-04-02
C00763,Customer 763,Kozhikode,KL,2024-11-03
C00764,Customer 764,Pune,MH,2024-12-14
C00765,Customer 765,Hyderabad,TS,2025-07-24
C00766,Customer 766,Kozhikode,KL,2023-08-30
C00767,Customer 767,Delhi,DL,2023-01-02
C00768,Customer 768,Thrissur,KL,2023-08-13
C00769,Customer 769,Chennai,TN,2025-03-11
C00770,Customer 770,Hyderabad,TS,2024-08-11
C00771,Customer 771,Kochi,KL,2023-04-26
C00772,Customer 772,Bengaluru,KA,2025-07-06
C00773,Customer 773,Kochi,KL,2026-01-31
C00774,Customer 774,Kozhikode,KL,2023-07-13
C00775,Customer 775,Kochi,KL,2026-04-04
C00776,Customer 776,Delhi,DL,2025-05-20
C00777,Customer 777,Thrissur,KL,2023-03-31
C00778,Customer 778,Pune,MH,2023-05-02
C00779,Customer 779,Mumbai,MH,2023-05-23
C00780,Customer 780,Bengaluru,KA,2025-09-20
C00781,Customer 781,Delhi,DL,2023-04-16
C00782,Customer 782,Delhi,DL,2025-06-05
C00783,Customer 783,Kochi,KL,2024-03-03
C00784,Customer 784,Kochi,KL,2023-11-13
C00785,Customer 785,Kozhikode,KL,2024-09-26
C00786,Customer 786,Mumbai,MH,2023-01-09
C00787,Customer 787,Thiruvananthapuram,KL,2025-02-12
C00788,Customer 788,Kochi,KL,2026-01-01
C00789,Customer 789,Thrissur,KL,2023-08-11
C00790,Customer 790,Chennai,TN,2024-07-06
C00791,Customer 791,Bengaluru,KA,2024-12-16
C00792,Customer 792,Kolkata,WB,2026-01-12
C00793,Customer 793,Kochi,KL,2023-04-21
C00794,Customer 794,Thrissur,KL,2023-09-08
C00795,Customer 795,Thrissur,KL,2024-01-18
C00796,Customer 796,Bengaluru,KA,2023-01-07
C00797,Customer 797,Thiruvananthapuram,KL,2024-04-03
C00798,Customer 798,Thrissur,KL,2026-01-12
C00799,Customer 799,Chennai,TN,2023-07-27
C00800,Customer 800,Thrissur,KL,2025-06-18
C00801,Customer 801,Thrissur,KL,2023-01-22
C00802,Customer 802,Thrissur,KL,2024-02-14
C00803,Customer 803,Pune,MH,2025-06-13
C00804,Customer 804,Pune,MH,2024-05-29
C00805,Customer 805,Thiruvananthapuram,KL,2026-02-24
C00806,Customer 806,Kochi,KL,2025-03-19
C00807,Customer 807,Thrissur,KL,2025-05-23
C00808,Customer 808,Mumbai,MH,2023-01-14
C00809,Customer 809,Kochi,KL,2025-08-28
C00810,Customer 810,Thiruvananthapuram,KL,2025-09-04
C00811,Customer 811,Malappuram,KL,2025-10-10
C00812,Customer 812,Kochi,KL,2025-11-01
C00813,Customer 813,Kochi,KL,2023-03-28
C00814,Customer 814,Hyderabad,TS,2025-06-27
C00815,Customer 815,Kozhikode,KL,2026-06-20
C00816,Customer 816,Kolkata,WB,2023-05-02
C00817,Customer 817,Hyderabad,TS,2026-03-16
C00818,Customer 818,Chennai,TN,2025-01-19
C00819,Customer 819,Pune,MH,2024-11-15
C00820,Customer 820,Pune,MH,2023-11-05
C00821,Customer 821,Kozhikode,KL,2024-11-25
C00822,Customer 822,Bengaluru,KA,2023-10-15
C00823,Customer 823,Bengaluru,KA,2023-11-03
C00824,Customer 824,Thiruvananthapuram,KL,2025-07-02
C00825,Customer 825,Delhi,DL,2024-10-23
C00826,Customer 826,Kozhikode,KL,2024-07-02
C00827,Customer 827,Kolkata,WB,2023-11-08
C00828,Customer 828,Kochi,KL,2025-05-22
C00829,Customer 829,Bengaluru,KA,2025-12-18
C00830,Customer 830,Kolkata,WB,2025-07-12
C00831,Customer 831,Thrissur,KL,2025-01-24
C00832,Customer 832,Delhi,DL,2023-02-04
C00833,Customer 833,Mumbai,MH,2024-03-20
C00834,Customer 834,Kochi,KL,2023-04-03
C00835,Customer 835,Chennai,TN,2026-05-15
C00836,Customer 836,Thrissur,KL,2023-12-19
C00837,Customer 837,Thrissur,KL,2025-06-21
C00838,Customer 838,Kozhikode,KL,2025-05-11
C00839,Customer 839,Delhi,DL,2023-06-08
C00840,Customer 840,Thiruvananthapuram,KL,2025-08-14
C00841,Customer 841,Chennai,TN,2023-01-24
C00842,Customer 842,Bengaluru,KA,2024-02-08
C00843,Customer 843,Kolkata,WB,2025-03-15
C00844,Customer 844,Kozhikode,KL,2024-05-30
C00845,Customer 845,Bengaluru,KA,2025-01-01
C00846,Customer 846,Kozhikode,KL,2024-06-15
C00847,Customer 847,Kozhikode,KL,2025-08-13
C00848,Customer 848,Kozhikode,KL,2023-06-01
C00849,Customer 849,Delhi,DL,2025-08-04
C00850,Customer 850,Thiruvananthapuram,KL,2024-08-30
C00851,Customer 851,Kozhikode,KL,2024-02-24
C00852,Customer 852,Malappuram,KL,2026-06-27
C00853,Customer 853,Mumbai,MH,2026-02-14
C00854,Customer 854,Bengaluru,KA,2025-05-15
C00855,Customer 855,Kochi,KL,2024-07-31
C00856,Customer 856,Hyderabad,TS,2023-12-01
C00857,Customer 857,Kolkata,WB,2025-07-20
C00858,Customer 858,Chennai,TN,2023-10-22
C00859,Customer 859,Pune,MH,2025-01-24
C00860,Customer 860,Thiruvananthapuram,KL,2023-07-05
C00861,Customer 861,Kochi,KL,2026-06-23
C00862,Customer 862,Thrissur,KL,2024-09-28
C00863,Customer 863,Malappuram,KL,2026-06-14
C00864,Customer 864,Pune,MH,2024-06-13
C00865,Customer 865,Hyderabad,TS,2023-01-21
C00866,Customer 866,Kochi,KL,2025-06-29
C00867,Customer 867,Pune,MH,2025-05-16
C00868,Customer 868,Kochi,KL,2025-03-04
C00869,Customer 869,Kolkata,WB,2023-04-10
C00870,Customer 870,Malappuram,KL,2025-01-21
C00871,Customer 871,Hyderabad,TS,2024-04-22
C00872,Customer 872,Thrissur,KL,2025-07-28
C00873,Customer 873,Kozhikode,KL,2024-06-09
C00874,Customer 874,Bengaluru,KA,2023-11-30
C00875,Customer 875,Thrissur,KL,2023-01-02
C00876,Customer 876,Kozhikode,KL,2024-01-10
C00877,Customer 877,Delhi,DL,2023-10-20
C00878,Customer 878,Delhi,DL,2025-04-16
C00879,Customer 879,Delhi,DL,2025-10-01
C00880,Customer 880,Thiruvananthapuram,KL,2024-07-06
C00881,Customer 881,Mumbai,MH,2023-11-14
C00882,Customer 882,Chennai,TN,2024-01-16
C00883,Customer 883,Chennai,TN,2023-01-14
C00884,Customer 884,Delhi,DL,2024-05-18
C00885,Customer 885,Bengaluru,KA,2023-08-19
C00886,Customer 886,Hyderabad,TS,2026-01-12
C00887,Customer 887,Malappuram,KL,2023-05-10
C00888,Customer 888,Hyderabad,TS,2025-04-17
C00889,Customer 889,Malappuram,KL,2026-03-14
C00890,Customer 890,Hyderabad,TS,2025-06-09
C00891,Customer 891,Mumbai,MH,2023-01-28
C00892,Customer 892,Thiruvananthapuram,KL,2023-03-07
C00893,Customer 893,Thiruvananthapuram,KL,2026-04-01
C00894,Customer 894,Delhi,DL,2026-06-06
C00895,Customer 895,Kozhikode,KL,2023-09-18
C00896,Customer 896,Pune,MH,2024-04-04
C00897,Customer 897,Thiruvananthapuram,KL,2023-10-28
C00898,Customer 898,Thiruvananthapuram,KL,2025-07-07
C00899,Customer 899,Thrissur,KL,2023-10-14
C00900,Customer 900,Thrissur,KL,2025-10-30
C00901,Customer 901,Kozhikode,KL,2024-09-21
C00902,Customer 902,Kolkata,WB,2023-09-27
C00903,Customer 903,Pune,MH,2024-08-14
C00904,Customer 904,Bengaluru,KA,2025-04-23
C00905,Customer 905,Thrissur,KL,2025-05-11
C00906,Customer 906,Bengaluru,KA,2023-05-13
C00907,Customer 907,Kochi,KL,2025-08-29
C00908,Customer 908,Thrissur,KL,2024-05-27
C00909,Customer 909,Mumbai,MH,2023-11-09
C00910,Customer 910,Kolkata,WB,2024-07-29
C00911,Customer 911,Pune,MH,2025-06-04
C00912,Customer 912,Kozhikode,KL,2026-02-18
C00913,Customer 913,Kochi,KL,2026-02-04
C00914,Customer 914,Pune,MH,2024-11-17
C00915,Customer 915,Delhi,DL,2026-05-12
C00916,Customer 916,Mumbai,MH,2023-06-14
C00917,Customer 917,Pune,MH,2023-11-01
C00918,Customer 918,Mumbai,MH,2023-06-05
C00919,Customer 919,Mumbai,MH,2024-09-11
C00920,Customer 920,Bengaluru,KA,2026-06-28
C00921,Customer 921,Hyderabad,TS,2025-08-14
C00922,Customer 922,Delhi,DL,2023-11-30
C00923,Customer 923,Kochi,KL,2025-08-26
C00924,Customer 924,Pune,MH,2024-05-25
C00925,Customer 925,Malappuram,KL,2025-11-09
C00926,Customer 926,Kochi,KL,2023-10-09
C00927,Customer 927,Hyderabad,TS,2025-03-07
C00928,Customer 928,Kochi,KL,2025-10-21
C00929,Customer 929,Thiruvananthapuram,KL,2023-04-29
C00930,Customer 930,Malappuram,KL,2025-11-24
C00931,Customer 931,Hyderabad,TS,2023-07-17
C00932,Customer 932,Bengaluru,KA,2024-04-29
C00933,Customer 933,Pune,MH,2025-12-18
C00934,Customer 934,Kolkata,WB,2025-04-16
C00935,Customer 935,Chennai,TN,2026-03-30
C00936,Customer 936,Hyderabad,TS,2025-10-05
C00937,Customer 937,Kozhikode,KL,2024-11-21
C00938,Customer 938,Pune,MH,2026-05-14
C00939,Customer 939,Delhi,DL,2025-11-01
C00940,Customer 940,Hyderabad,TS,2024-05-04
C00941,Customer 941,Thiruvananthapuram,KL,2023-10-03
C00942,Customer 942,Chennai,TN,2024-11-23
C00943,Customer 943,Thiruvananthapuram,KL,2023-08-30
C00944,Customer 944,Chennai,TN,2026-05-24
C00945,Customer 945,Delhi,DL,2026-06-28
C00946,Customer 946,Kolkata,WB,2023-05-06
C00947,Customer 947,Kozhikode,KL,2023-08-05
C00948,Customer 948,Pune,MH,2026-04-23
C00949,Customer 949,Bengaluru,KA,2025-11-28
C00950,Customer 950,Thiruvananthapuram,KL,2026-05-31
C00951,Customer 951,Thiruvananthapuram,KL,2026-04-22
C00952,Customer 952,Mumbai,MH,2024-05-09
C00953,Customer 953,Chennai,TN,2024-03-02
C00954,Customer 954,Thrissur,KL,2026-04-16
C00955,Customer 955,Kolkata,WB,2025-07-07
C00956,Customer 956,Pune,MH,2023-05-31
C00957,Customer 957,Chennai,TN,2024-01-19
C00958,Customer 958,Mumbai,MH,2023-11-04
C00959,Customer 959,Kochi,KL,2025-01-15
C00960,Customer 960,Chennai,TN,2025-06-10
C00961,Customer 961,Bengaluru,KA,2024-01-10
C00962,Customer 962,Pune,MH,2025-10-28
C00963,Customer 963,Kolkata,WB,2023-05-09
C00964,Customer 964,Mumbai,MH,2025-10-11
C00965,Customer 965,Kochi,KL,2024-10-30
C00966,Customer 966,Malappuram,KL,2024-05-31
C00967,Customer 967,Mumbai,MH,2023-03-27
C00968,Customer 968,Malappuram,KL,2026-04-13
C00969,Customer 969,Pune,MH,2026-05-01
C00970,Customer 970,Thiruvananthapuram,KL,2023-11-07
C00971,Customer 971,Mumbai,MH,2026-02-16
C00972,Customer 972,Kozhikode,KL,2026-05-26
C00973,Customer 973,Malappuram,KL,2024-03-02
C00974,Customer 974,Bengaluru,KA,2023-04-24
C00975,Customer 975,Kozhikode,KL,2026-03-14
C00976,Customer 976,Hyderabad,TS,2023-10-30
C00977,Customer 977,Hyderabad,TS,2025-01-13
C00978,Customer 978,Kochi,KL,2024-08-10
C00979,Customer 979,Kolkata,WB,2025-09-13
C00980,Customer 980,Thiruvananthapuram,KL,2023-12-11
C00981,Customer 981,Pune,MH,2025-03-24
C00982,Customer 982,Mumbai,MH,2025-03-11
C00983,Customer 983,Thrissur,KL,2025-10-21
C00984,Customer 984,Bengaluru,KA,2026-03-16
C00985,Customer 985,Malappuram,KL,2025-12-12
C00986,Customer 986,Pune,MH,2025-12-28
C00987,Customer 987,Kozhikode,KL,2023-12-27
C00988,Customer 988,Delhi,DL,2026-05-28
C00989,Customer 989,Hyderabad,TS,2025-10-06
C00990,Customer 990,Delhi,DL,2024-12-04
C00991,Customer 991,Bengaluru,KA,2024-07-28
C00992,Customer 992,Thrissur,KL,2026-03-30
C00993,Customer 993,Mumbai,MH,2026-01-17
C00994,Customer 994,Kochi,KL,2024-11-18
C00995,Customer 995,Thrissur,KL,2025-02-19
C00996,Customer 996,Bengaluru,KA,2024-08-07
C00997,Customer 997,Thrissur,KL,2024-08-11
C00998,Customer 998,Bengaluru,KA,2026-03-28
C00999,Customer 999,Bengaluru,KA,2024-05-03
C01000,Customer 1000,Chennai,TN,2025-08-28
